"","pathway","pval","padj","log2err","ES","NES","size","leadingEdge"
"1","cell cycle r-hsa-1640170","3.25654713153893e-05","0.00674105256228558","0.557332238758646","-0.541851524980638","-1.99722232949196","44","c(""RRM2"", ""TOP2A"", ""SKA1"", ""PLK4"", ""NCAPG"", ""EXO1"", ""NDC80"", ""NEK2"", ""MZT1"", ""MAD2L1"", ""CCND2"", ""GINS4"", ""RMI1"", ""BORA"", ""LIN9"", ""LBR"", ""GINS1"")"
"2","cell cycle, mitotic r-hsa-69278","0.000174136335563646","0.0180231107308373","0.518848077743792","-0.540144312234811","-1.96149175934561","39","c(""RRM2"", ""TOP2A"", ""SKA1"", ""PLK4"", ""NCAPG"", ""NDC80"", ""NEK2"", ""MZT1"", ""MAD2L1"", ""CCND2"", ""GINS4"", ""BORA"", ""LIN9"", ""LBR"", ""GINS1"")"
"3","mitotic prometaphase r-hsa-68877","0.000716703716826198","0.0494525564610076","0.477270815362862","-0.597847128935784","-1.94117675441628","20","c(""SKA1"", ""PLK4"", ""NCAPG"", ""NDC80"", ""NEK2"", ""MZT1"", ""MAD2L1"")"
"4","cellular response to dna damage stimulus (go:0006974)","0.00107752915963361","0.0557621340110393","0.45505986738723","-0.606748085118511","-1.88551977399965","17","c(""TOP2A"", ""RAD51AP1"", ""DTL"", ""EXO1"", ""WDR76"")"
"5","dna repair r-hsa-73894","0.00264835940545089","0.109642079385667","0.431707695803346","-0.645306022911103","-1.84477786571443","12","c(""RAD51AP1"", ""DTL"", ""EXO1"", ""FANCI"", ""RMI1"", ""UBE2T"", ""MAPK8"")"
"6","regulation of apoptotic process (go:0042981)","0.00497528257036577","0.171647248677619","0.407017918923954","-0.517831471287257","-1.7448507525939","24","c(""TOP2A"", ""MELK"", ""CASP3"", ""HIPK3"", ""MAD2L1"", ""CCND2"", ""TAF9B"", ""NOTCH2"", ""KLF11"", ""FIGNL1"", ""MAPK8"", ""ARL6IP5"", ""ADAM10"", ""CASP2"", ""VEGFA"", ""GDNF"", ""DSTYK"")"
"7","mitotic spindle organization (go:0007052)","0.00861487947768956","0.227764032011438","0.380730400722792","-0.619706165469417","-1.72703938720787","11","c(""SKA1"", ""NDC80"", ""MZT1"", ""MAD2L1"")"
"8","phospholipid metabolism r-hsa-1483257","0.00901358304065048","0.227764032011438","0.380730400722792","-0.604806456274625","-1.72899914763435","12","c(""MTMR2"", ""PIK3CB"", ""GPAM"", ""CRLS1"", ""PI4K2A"", ""LPGAT1"", ""SLC44A1"")"
"9","transcriptional regulation by tp53 r-hsa-3700989","0.0103262042638142","0.227764032011438","0.380730400722792","-0.566230212889592","-1.70719218681202","15","c(""EXO1"", ""FANCI"", ""CNOT6"", ""TAF9B"", ""RMI1"", ""AGO4"", ""CENPJ"", ""CASP2"", ""SMYD2"", ""HIPK1"", ""TAF12"", ""GDNF"")"
"10","regulation of intracellular signal transduction (go:1902531)","0.0110030933338859","0.227764032011438","0.380730400722792","-0.607962531677867","-1.6943114279958","11","c(""EXO1"", ""ARHGAP11A"", ""TAF9B"", ""RMI1"", ""SRGAP1"", ""PRKAR1A"", ""SMYD2"", ""VEGFA"", ""HIPK1"", ""TAF12"")"
"11","positive regulation of transcription, dna-templated (go:0045893)","0.0133044541792804","0.229716481453289","0.380730400722792","0.219337838510271","1.55118516968141","39","c(""ACVR1"", ""SMAD4"", ""SS18"", ""ELK3"", ""SS18L1"", ""BRD8"", ""RORA"", ""KLF10"", ""CCNC"", ""COL1A1"", ""SPIN1"", ""ACTR3"", ""CDC5L"", ""FUBP3"", ""PCBP1"", ""LMO7"", ""SMAD5"", ""SIRT1"", ""ZFP90"", ""CREBL2"", ""ARNTL2"", ""ZNF281"", ""ATF1"", ""CREB3L2"", ""NEK4"", ""ACVR2A"", ""SMAD2"", ""RBPJ"", ""TGFBR1"", ""VDR"", ""TBX3"", ""MITF"", ""BMPR1B"", ""GDNF"", ""STAT3"", ""VEGFA"", ""CDCA4"")"
"12","negative regulation of programmed cell death (go:0043069)","0.0169160608399044","0.229716481453289","0.352487857583619","-0.516695285005153","-1.6706752150978","19","c(""MET"", ""CASP3"", ""HIPK3"", ""MAD2L1"", ""CCND2"", ""TAF9B"", ""NOTCH2"", ""FIGNL1"", ""MAPK8"", ""ADAM10"", ""CASP2"", ""VEGFA"", ""GDNF"", ""DSTYK"")"
"13","cell cycle checkpoints r-hsa-69620","0.017620124708378","0.229716481453289","0.352487857583619","-0.549301052946701","-1.62827021746228","14","c(""SKA1"", ""EXO1"", ""NDC80"", ""MAD2L1"", ""RMI1"")"
"14","dna metabolic process (go:0006259)","0.0180221882764528","0.229716481453289","0.352487857583619","-0.528104037525942","-1.61935609269098","16","c(""TOP2A"", ""RAD51AP1"", ""EXO1"", ""DDX21"", ""UBE2T"", ""HELLS"")"
"15","m phase r-hsa-68886","0.0202004271779181","0.229716481453289","0.352487857583619","-0.471765224552266","-1.64019073956266","28","c(""SKA1"", ""PLK4"", ""NCAPG"", ""NDC80"", ""NEK2"", ""MZT1"", ""MAD2L1"", ""LBR"", ""NDC1"", ""TMPO"", ""CENPJ"", ""SMC4"")"
"16","glycerophospholipid biosynthetic process (go:0046474)","0.021429138306048","0.229716481453289","0.352487857583619","-0.577217949899149","-1.60863033164127","11","c(""MTMR2"", ""PIK3CB"", ""GPAM"", ""CRLS1"", ""PI4K2A"", ""SLC44A1"")"
"17","mrna splicing - major pathway r-hsa-72163","0.0221948291259216","0.229716481453289","0.352487857583619","0.452922930819794","1.68734592162867","10","c(""NCBP1"", ""TRA2B"", ""PPIL1"", ""NCBP2"", ""HNRNPK"", ""CDC5L"", ""PCBP1"", ""HNRNPA3"", ""HNRNPA1"")"
"18","mrna splicing r-hsa-72172","0.0221948291259216","0.229716481453289","0.352487857583619","0.452922930819794","1.68734592162867","10","c(""NCBP1"", ""TRA2B"", ""PPIL1"", ""NCBP2"", ""HNRNPK"", ""CDC5L"", ""PCBP1"", ""HNRNPA3"", ""HNRNPA1"")"
"19","mrna splicing, via spliceosome (go:0000398)","0.0221948291259216","0.229716481453289","0.352487857583619","0.452922930819794","1.68734592162867","10","c(""NCBP1"", ""TRA2B"", ""PPIL1"", ""NCBP2"", ""HNRNPK"", ""CDC5L"", ""PCBP1"", ""HNRNPA3"", ""HNRNPA1"")"
"20","rna splicing, via transesterification reactions with bulged adenosine as nucleophile (go:0000377)","0.0221948291259216","0.229716481453289","0.352487857583619","0.452922930819794","1.68734592162867","10","c(""NCBP1"", ""TRA2B"", ""PPIL1"", ""NCBP2"", ""HNRNPK"", ""CDC5L"", ""PCBP1"", ""HNRNPA3"", ""HNRNPA1"")"
"21","resolution of sister chromatid cohesion r-hsa-2500257","0.0313588850174216","0.309109009457442","0.276500599254472","-0.597189667515604","-1.61857471315222","10","c(""SKA1"", ""NDC80"", ""MAD2L1"")"
"22","micrornas in cancer","0.0357894736842105","0.336746411483254","0.245041785430996","-0.474325884849117","-1.54959588174168","21","c(""MET"", ""CASP3"", ""CCND2"", ""KRAS"", ""EZH2"", ""PIK3CB"", ""PLAU"", ""TIMP3"", ""NOTCH2"")"
"23","processing of capped intron-containing pre-mrna r-hsa-72203","0.0433020023896845","0.381282343654065","0.321775918075361","0.33502875053706","1.40991230334182","13","c(""NCBP1"", ""TRA2B"", ""NUP43"", ""PPIL1"", ""NCBP2"", ""NUP50"", ""HNRNPK"", ""CDC5L"", ""PCBP1"")"
"24","positive regulation of cell population proliferation (go:0008284)","0.0465608465608466","0.381282343654065","0.213927855492356","-0.475524782237747","-1.50939103500748","18","c(""CNOT6"", ""CCND2"", ""KRAS"", ""EZH2"", ""GJA1"", ""RTKN2"", ""LIFR"", ""ADAM10"", ""VEGFA"", ""BMI1"", ""GDNF"", ""TBX3"", ""S1PR3"", ""TGFBR1"", ""RBPJ"", ""PDGFA"", ""LAMC1"")"
"25","positive regulation of cellular process (go:0048522)","0.046972860125261","0.381282343654065","0.211400189384923","-0.450864614121568","-1.50796377388622","23","c(""CNOT6"", ""CCND2"", ""KRAS"", ""EZH2"", ""TAF9B"", ""EIF4G2"", ""FMR1"", ""RTKN2"", ""LIFR"", ""MAPK8"", ""ADAM10"", ""VEGFA"", ""GDNF"", ""BMPR1B"", ""TBX3"", ""S1PR3"", ""TGFBR1"", ""RAD18"", ""PDGFA"", ""MFSD2A"")"
"26","positive regulation of apoptotic process (go:0043065)","0.0478905359179019","0.381282343654065","0.219250346703755","-0.554429670160321","-1.54512240019144","11","c(""TOP2A"", ""MELK"", ""CASP3"", ""KLF11"", ""MAPK8"", ""ARL6IP5"", ""CASP2"")"
"27","separation of sister chromatids r-hsa-2467813","0.0570125427594071","0.437096161155454","0.199915231309662","-0.543167523810585","-1.51373628300514","11","c(""SKA1"", ""NDC80"", ""MAD2L1"")"
"28","endocytosis","0.0610505850431245","0.443571428571429","0.321775918075361","0.351305371573469","1.45926184366838","12","c(""VPS26B"", ""SH3GLB1"", ""ACTR3"", ""NEDD4"", ""CAV2"", ""VTA1"", ""SNX4"", ""SMURF1"", ""PDCD6IP"", ""SMAD2"", ""TGFBR1"")"
"29","negative regulation of transmembrane receptor protein serine/threonine kinase signaling pathway (go:0090101)","0.0716207653734593","0.443571428571429","0.287805130535564","0.381742738589212","1.42216701614992","10","c(""ACVR1"", ""SMAD4"", ""SMAD5"", ""SIRT1"", ""PBLD"", ""SMURF1"", ""ACVR2A"", ""SMAD2"", ""TGFBR1"", ""BMPR1B"")"
"30","tgf-beta signaling pathway","0.0716207653734593","0.443571428571429","0.287805130535564","0.381742738589212","1.42216701614992","10","c(""ACVR1"", ""SMAD4"", ""PPP2R1B"", ""SMAD5"", ""ROCK1"", ""SMURF1"", ""ACVR2A"", ""SMAD2"", ""TGFBR1"", ""BMPR1B"")"
"31","negative regulation of apoptotic process (go:0043066)","0.0724029380902413","0.443571428571429","0.16823816568964","-0.441561444056967","-1.45734068234945","22","c(""CASP3"", ""HIPK3"", ""MAD2L1"", ""CCND2"", ""TAF9B"", ""NOTCH2"", ""FIGNL1"", ""MAPK8"", ""CPEB4"", ""ADAM10"", ""CASP2"", ""VEGFA"", ""GDNF"", ""DSTYK"")"
"32","antigen processing: ubiquitination and proteasome degradation r-hsa-983168","0.0740178686014983","0.443571428571429","0.287805130535564","0.330543933054393","1.40788201893209","14","c(""BTBD1"", ""TRIM37"", ""UBE2V2"", ""LNPEP"", ""UBE2K"", ""NEDD4"", ""LMO7"", ""KLHL2"", ""LRR1"", ""KBTBD6"", ""SMURF1"", ""RLIM"", ""PJA1"", ""PSME3"")"
"33","signaling by tgfb family members r-hsa-9006936","0.0748038535247052","0.443571428571429","0.287805130535564","0.377593360995851","1.40670867901786","10","c(""SMAD4"", ""CCNC"", ""SMAD5"", ""PPP1CB"", ""SMURF1"", ""ACVR2A"", ""SMAD2"", ""TGFBR1"", ""BMPR1B"", ""NEDD8"")"
"34","mitotic anaphase r-hsa-68882","0.075","0.443571428571429","0.16823816568964","-0.480968113189837","-1.45012573729179","15","c(""SKA1"", ""NDC80"", ""MAD2L1"", ""LBR"", ""NDC1"", ""TMPO"")"
"35","mitotic metaphase and anaphase r-hsa-2555396","0.075","0.443571428571429","0.16823816568964","-0.480968113189837","-1.45012573729179","15","c(""SKA1"", ""NDC80"", ""MAD2L1"", ""LBR"", ""NDC1"", ""TMPO"")"
"36","dna repair (go:0006281)","0.0812917594654788","0.44721838804537","0.163180127180689","-0.489766603124156","-1.42555668294141","13","c(""RAD51AP1"", ""EXO1"", ""FANCI"", ""UBE2T"", ""MAPK8"")"
"37","cell cycle g2/m phase transition (go:0044839)","0.0820980615735462","0.44721838804537","0.16440575583821","-0.514169946357137","-1.43292385739731","11","c(""PLK4"", ""MELK"", ""NEK2"", ""BORA"")"
"38","g2/m transition of mitotic cell cycle (go:0000086)","0.0820980615735462","0.44721838804537","0.16440575583821","-0.514169946357137","-1.43292385739731","11","c(""PLK4"", ""MELK"", ""NEK2"", ""BORA"")"
"39","regulation of cellular macromolecule biosynthetic process (go:2000112)","0.101020766116932","0.525050613175715","0.287805130535564","0.240682680268239","1.21875478504079","20","c(""RORA"", ""SMC3"", ""SPIN1"", ""USP13"", ""SPTY2D1"", ""CREBL2"", ""NLK"", ""ARNTL2"", ""ZNF486"", ""ZNF281"", ""ZNF85"", ""PDGFA"", ""TGFBR1"", ""RBAK"", ""HP1BP3"", ""MITF"", ""SBNO1"", ""PHF19"", ""STAT3"")"
"40","viral carcinogenesis","0.102206736353078","0.525050613175715","0.147331213699377","-0.521633503987285","-1.41379338091905","10","c(""CASP3"", ""CCND2"", ""KRAS"", ""PIK3CB"")"
"41","positive regulation of nucleic acid-templated transcription (go:1903508)","0.104356716508457","0.525050613175715","0.287805130535564","0.251528429712919","1.22757987979285","19","c(""ACVR1"", ""SMAD4"", ""SS18L1"", ""RORA"", ""COL1A1"", ""SPIN1"", ""FUBP3"", ""SMAD5"", ""ZFP90"", ""CREBL2"", ""ARNTL2"", ""ZNF281"", ""CREB3L2"", ""NEK4"", ""SMAD2"", ""TGFBR1"", ""MITF"")"
"42","rna polymerase ii transcription r-hsa-73857","0.112337011033099","0.525050613175715","0.128788713061714","-0.351653379233617","-1.32137415941139","51","c(""RRM2"", ""EXO1"", ""FANCI"", ""CNOT6"", ""CCND2"", ""EZH2"", ""TAF9B"", ""GPAM"", ""RMI1"", ""RNGTT"", ""LBR"", ""ELL2"", ""NOTCH2"", ""LIFR"", ""ZNF521"", ""AGO4"", ""CENPJ"", ""CASP2"", ""SMYD2"", ""PSME3"", ""VEGFA"", ""HIPK1"", ""TAF12"", ""GDNF"")"
"43","positive regulation of phosphorylation (go:0042327)","0.112659698025552","0.525050613175715","0.139599673451922","-0.512969146366569","-1.39031020478015","10","c(""MET"", ""KCTD20"", ""CCND2"", ""KRAS"")"
"44","generic transcription pathway r-hsa-212436","0.11569416498994","0.525050613175715","0.126875729929857","-0.35597653555138","-1.32154121246685","46","c(""RRM2"", ""EXO1"", ""FANCI"", ""CNOT6"", ""CCND2"", ""EZH2"", ""TAF9B"", ""GPAM"", ""RMI1"", ""LBR"", ""NOTCH2"", ""LIFR"", ""ZNF521"", ""AGO4"", ""CENPJ"", ""CASP2"", ""SMYD2"", ""PSME3"", ""VEGFA"", ""HIPK1"", ""TAF12"", ""GDNF"")"
"45","human t-cell leukemia virus 1 infection","0.118466898954704","0.525050613175715","0.135740943810425","-0.507997828043607","-1.37683634452056","10","c(""MAD2L1"", ""CCND2"", ""KRAS"", ""PIK3CB"", ""MAPK8"")"
"46","rho gtpase effectors r-hsa-195258","0.119386637458927","0.525050613175715","0.130777137971974","-0.464964504268832","-1.37827490119796","14","c(""SKA1"", ""NDC80"", ""MAD2L1"")"
"47","g2/m transition r-hsa-69275","0.123767798466594","0.525050613175715","0.128142916898415","-0.462474050114578","-1.37089255174574","14","c(""PLK4"", ""NEK2"", ""MZT1"", ""BORA"", ""LIN9"")"
"48","mitotic g2-g2/m phases r-hsa-453274","0.123767798466594","0.525050613175715","0.128142916898415","-0.462474050114578","-1.37089255174574","14","c(""PLK4"", ""NEK2"", ""MZT1"", ""BORA"", ""LIN9"")"
"49","negative regulation of signal transduction (go:0009968)","0.124287343215507","0.525050613175715","0.130777137971974","-0.493336121074366","-1.37486273286049","11","c(""MTMR2"", ""EZH2"", ""UBASH3B"", ""PIK3CB"")"
"50","transcription, dna-templated (go:0006351)","0.135689851767389","0.55308003029538","0.124434168630393","-0.485703947829976","-1.3535928721789","11","c(""HIPK3"", ""TAF9B"", ""DDX21"", ""RNGTT"")"
"51","negative regulation of gene expression (go:0010629)","0.136266094420601","0.55308003029538","0.119887845115423","-0.433384542576362","-1.34677825083521","17","c(""EZH2"", ""PTBP3"", ""NOTCH2"", ""HELLS"", ""FMR1"", ""AGO4"", ""ADAM10"", ""VEGFA"", ""DCP2"", ""BMI1"", ""PHF19"")"
"52","signaling by rho gtpases r-hsa-194315","0.14431934493347","0.564076300175869","0.112843355675562","-0.377628222884207","-1.32400838814542","30","c(""SKA1"", ""NDC80"", ""ARHGAP11A"", ""MAD2L1"", ""SLC4A7"", ""FERMT2"", ""LBR"", ""GJA1"", ""SRGAP1"", ""TMPO"", ""VAMP3"")"
"53","pi3k-akt signaling pathway","0.146995708154506","0.564076300175869","0.114750719227023","-0.427769476363849","-1.32932896894099","17","c(""MET"", ""PHLPP2"", ""CCND2"", ""KRAS"", ""PIK3CB"")"
"54","gene expression (transcription) r-hsa-74160","0.148296593186373","0.564076300175869","0.109684061970549","-0.332084734636353","-1.26162352810421","57","c(""RRM2"", ""EXO1"", ""FANCI"", ""CNOT6"", ""CCND2"", ""EZH2"", ""TAF9B"", ""GPAM"", ""RMI1"", ""RNGTT"", ""LBR"", ""ELL2"", ""NOTCH2"", ""LIFR"", ""NDC1"", ""ZNF521"", ""AGO4"", ""CENPJ"", ""CASP2"", ""SMYD2"", ""PSME3"", ""VEGFA"", ""HIPK1"", ""TAF12"", ""GDNF"", ""PHF19"")"
"55","proteolysis (go:0006508)","0.150513112884835","0.564076300175869","0.117249716749792","-0.48075423848218","-1.33979868474751","11","c(""CASP3"", ""PLAU"", ""HTRA1"", ""NLN"", ""ADAM10"", ""CASP2"", ""NEDD8"", ""PAPPA2"")"
"56","oxytocin signaling pathway","0.154611569235957","0.564076300175869","0.249246554383295","0.336026348685382","1.2518524685597","10","c(""PRKACB"", ""MYLK"", ""CALM3"", ""PPP1CB"", ""ROCK1"", ""EEF2K"", ""ITPR3"", ""GNAQ"", ""ACTG1"")"
"57","mitotic cell cycle phase transition (go:0044772)","0.158798283261803","0.564076300175869","0.109684061970549","-0.42416537069888","-1.31812891299429","17","c(""PLK4"", ""MELK"", ""NEK2"", ""CCND2"", ""BORA"", ""CRLF3"", ""CENPJ"")"
"58","cellular senescence","0.15924276169265","0.564076300175869","0.111918316325105","-0.453186097164474","-1.31908232473985","13","c(""HIPK3"", ""CCND2"", ""KRAS"", ""PIK3CB"", ""LIN9"")"
"59","alzheimer disease","0.160775370581528","0.564076300175869","0.112843355675562","-0.474149376048945","-1.32139180386608","11","c(""CASP3"", ""KRAS"", ""PIK3CB"", ""SDHC"", ""MAPK8"", ""ADAM10"")"
"60","foxo signaling pathway","0.169265033407572","0.583964365256125","0.107972360317345","-0.450371461070155","-1.3108898035089","13","c(""PLK4"", ""CCND2"", ""KRAS"", ""PIK3CB"")"
"61","proteoglycans in cancer","0.174892703862661","0.590438614470178","0.103576326612592","-0.416932284361515","-1.29565149996136","17","c(""MET"", ""CASP3"", ""KRAS"", ""PIK3CB"", ""PLAU"", ""TIMP3"")"
"62","phosphorylation (go:0016310)","0.181630546955624","0.590438614470178","0.0988903007520636","-0.381065322638561","-1.29212266803936","25","c(""PLK4"", ""MELK"", ""NEK2"", ""HIPK3"", ""PIK3CB"", ""FAM20B"", ""MAPK8"", ""ADAM10"", ""CDK19"", ""MAP4K5"", ""STAT3"", ""HIPK1"", ""BMPR1B"", ""NEK6"", ""CCL2"", ""TGFBR1"", ""ACVR2A"", ""NEK4"")"
"63","rhoa gtpase cycle r-hsa-8980692","0.183507549361208","0.590438614470178","0.105520936843198","-0.472409573343607","-1.28038080907522","10","c(""ARHGAP11A"", ""LBR"", ""SRGAP1"", ""TMPO"", ""VAMP3"", ""LMAN1"", ""VAPB"", ""SOWAHC"")"
"64","regulation of cell cycle (go:0051726)","0.185729275970619","0.590438614470178","0.0985499803531691","-0.392872771107219","-1.27563628527244","20","c(""DTL"", ""EIF4G2"", ""LIN9"", ""NOTCH2"", ""FIGNL1"", ""CRLF3"", ""CKS2"", ""ADAM10"", ""THAP5"", ""STAT3"", ""PUM1"", ""PHACTR4"", ""TBX3"", ""NEK6"", ""TGFBR1"")"
"65","positive regulation of transcription by rna polymerase ii (go:0045944)","0.18906851139574","0.590438614470178","0.249246554383295","0.182034474587678","1.08822662977553","30","c(""ACVR1"", ""SMAD4"", ""SS18"", ""ELK3"", ""SS18L1"", ""BRD8"", ""RORA"", ""KLF10"", ""CCNC"", ""ACTR3"", ""CDC5L"", ""FUBP3"", ""PCBP1"", ""LMO7"", ""SMAD5"", ""SIRT1"", ""ARNTL2"", ""ATF1"", ""ACVR2A"", ""SMAD2"", ""RBPJ"", ""VDR"", ""TBX3"", ""MITF"", ""BMPR1B"", ""GDNF"", ""STAT3"", ""VEGFA"")"
"66","positive regulation of macromolecule metabolic process (go:0010604)","0.189914163090129","0.590438614470178","0.0985499803531691","-0.40865465274776","-1.26992807623342","17","c(""KRAS"", ""PIK3CB"", ""GJA1"", ""FMR1"", ""MAPK8"", ""AGO4"", ""VAMP3"", ""VEGFA"", ""STAT3"", ""MITF"", ""VDR"", ""TGFBR1"", ""RBPJ"", ""SCYL2"")"
"67","negative regulation of intracellular signal transduction (go:1902532)","0.191637630662021","0.590438614470178","0.102821842840815","-0.466486353769029","-1.26432699243143","10","c(""ADIPOR1"", ""PHLPP2"", ""PIK3CB"", ""RTKN2"", ""PPM1B"")"
"68","response to cytokine (go:0034097)","0.193960511033682","0.590438614470178","0.102080107662747","-0.465758654903274","-1.26235469611257","10","c(""CASP3"", ""TIMP3"", ""LIFR"", ""MAPK8"", ""ADAM10"", ""STAT3"")"
"69","negative regulation of cellular catabolic process (go:0031330)","0.20866590649943","0.62599771949829","0.0965629554309422","-0.449744236293462","-1.25337789670073","11","c(""MET"", ""MTMR2"", ""EIF4G2"", ""TIMP3"")"
"70","membrane trafficking r-hsa-199991","0.21511017838405","0.63611152750712","0.0899860794997137","-0.384227009260542","-1.24756397195237","20","c(""AP1S3"", ""CHML"", ""GJA1"", ""MCFD2"", ""VAMP3"", ""GOLIM4"", ""ARF6"", ""LMAN1"", ""DYNC1LI2"", ""DENND5A"", ""NEDD8"", ""PUM1"")"
"71","rho gtpase cycle r-hsa-9012999","0.219768664563617","0.637980085348506","0.0888945288620449","-0.384443421244063","-1.24305391227531","19","c(""ARHGAP11A"", ""SLC4A7"", ""FERMT2"", ""LBR"", ""GJA1"", ""SRGAP1"", ""TMPO"", ""VAMP3"", ""LMAN1"", ""FAM135A"")"
"72","regulation of mitotic cell cycle phase transition (go:1901990)","0.225769669327252","0.637980085348506","0.0919686140000427","-0.444951067598153","-1.24001996743104","11","c(""PLK4"", ""NEK2"", ""MAD2L1"")"
"73","cellular response to transforming growth factor beta stimulus (go:0071560)","0.228070175438596","0.637980085348506","0.282013350011725","0.284628500755438","1.18229763727391","12","c(""ACVR1"", ""SMAD4"", ""SMAD5"", ""DUSP22"", ""SIRT1"", ""NLK"", ""FNTA"", ""SMURF1"", ""SMAD2"", ""TGFBR1"", ""APPL1"")"
"74","transforming growth factor beta receptor signaling pathway (go:0007179)","0.228070175438596","0.637980085348506","0.282013350011725","0.284628500755438","1.18229763727391","12","c(""ACVR1"", ""SMAD4"", ""SMAD5"", ""DUSP22"", ""SIRT1"", ""NLK"", ""FNTA"", ""SMURF1"", ""SMAD2"", ""TGFBR1"", ""APPL1"")"
"75","signaling by rho gtpases, miro gtpases and rhobtb3 r-hsa-9716542","0.235532994923858","0.650071065989848","0.083129129135339","-0.342978607259639","-1.2224786179437","33","c(""SKA1"", ""NDC80"", ""ARHGAP11A"", ""MAD2L1"", ""SLC4A7"", ""FERMT2"", ""LBR"", ""GJA1"", ""SRGAP1"", ""TMPO"", ""VAMP3"")"
"76","human immunodeficiency virus 1 infection","0.238738738738739","0.65024893314367","0.0880945010398517","-0.427321654038505","-1.22161191887606","12","c(""AP1S3"", ""CASP3"", ""KRAS"", ""PIK3CB"")"
"77","human papillomavirus infection","0.258488499452355","0.68402398401066","0.0822054920415869","-0.40317678924432","-1.19512015274125","14","c(""CASP3"", ""CCND2"", ""KRAS"", ""PIK3CB"", ""NOTCH2"")"
"78","metabolism of lipids r-hsa-556833","0.259448416751788","0.68402398401066","0.0782955249944794","-0.337941799216879","-1.19486955110086","31","c(""MTMR2"", ""PIK3CB"", ""GPAM"", ""CRLS1"", ""LIN9"", ""LBR"", ""PI4K2A"", ""LPGAT1"", ""OXCT1"", ""SLC44A1"", ""AGPS"", ""CDK19"", ""SLC25A17"", ""SPTLC2"", ""ARSB"", ""SGPP1"", ""VAPB"")"
"79","vesicle-mediated transport r-hsa-5653656","0.261052631578947","0.68402398401066","0.0795564677235957","-0.364626968816158","-1.19121571750023","21","c(""AP1S3"", ""CHML"", ""GJA1"", ""MCFD2"", ""VAMP3"", ""GOLIM4"", ""ARF6"", ""LMAN1"", ""DYNC1LI2"", ""DENND5A"", ""NEDD8"", ""PUM1"")"
"80","regulation of autophagy (go:0010506)","0.266304347826087","0.6890625","0.0802023444698144","-0.400326760105871","-1.20699090487736","15","c(""MET"", ""CASP3"", ""PIK3CB"", ""EIF4G2"", ""MAPK8"")"
"81","kaposi sarcoma-associated herpesvirus infection","0.278745644599303","0.712349980642664","0.0813027345384498","-0.434830029477702","-1.17852824406654","10","c(""CASP3"", ""KRAS"", ""PIK3CB"", ""MAPK8"", ""VEGFA"", ""STAT3"")"
"82","nervous system development (go:0007399)","0.289414414414414","0.723881286372214","0.0776798560117236","-0.408407526734813","-1.1675408856603","12","c(""MET"", ""NOTCH2"", ""BTBD3"", ""VEGFA"", ""STAT3"", ""GDNF"", ""LPAR1"", ""TBX3"", ""TGFBR1"")"
"83","transcription by rna polymerase ii (go:0006366)","0.290251916757941","0.723881286372214","0.0760837160951725","-0.392607118914917","-1.16378891950688","14","c(""TAF9B"", ""DDX21"", ""RNGTT"", ""ELL2"", ""NOTCH2"")"
"84","age-rage signaling pathway in diabetic complications","0.300675675675676","0.726596980255517","0.0756946307932749","-0.404879916965118","-1.15745628054124","12","c(""CASP3"", ""KRAS"", ""PIK3CB"", ""MAPK8"", ""VEGFA"", ""STAT3"", ""CCL2"", ""TGFBR1"", ""SMAD2"")"
"85","signaling pathways regulating pluripotency of stem cells","0.300675675675676","0.726596980255517","0.0756946307932749","-0.40484801250184","-1.15736507319839","12","c(""KRAS"", ""PIK3CB"", ""LIFR"", ""STAT3"", ""BMI1"", ""BMPR1B"", ""TBX3"", ""SMAD2"", ""ACVR2A"")"
"86","transport of small molecules r-hsa-382551","0.302105263157895","0.726596980255517","0.072003313661988","-0.350282729409819","-1.14435389734498","21","c(""ATP11A"", ""NCEH1"", ""SLC17A5"", ""SLC4A7"", ""SLC44A1"", ""MICU3"", ""PRKAR1A"", ""SLC9B2"", ""SLC35D1"", ""PSME3"")"
"87","dopaminergic synapse","0.312056737588652","0.726596980255517","0.213927855492356","0.296937279201214","1.10622773312184","10","c(""PRKACB"", ""PPP2R1B"", ""CALM3"", ""PPP1CB"", ""ITPR3"", ""GNB4"", ""GNAQ"", ""CREB3L2"", ""PPP2R3A"")"
"88","positive regulation of gene expression (go:0010628)","0.312169312169312","0.726596980255517","0.070619624712259","-0.359585655974579","-1.14138187055402","18","c(""KRAS"", ""PIK3CB"", ""DDX21"", ""GJA1"", ""FMR1"", ""MAPK8"", ""AGO4"", ""VEGFA"", ""STAT3"", ""MITF"", ""VDR"", ""TGFBR1"", ""RBPJ"")"
"89","cilium assembly (go:0060271)","0.314709236031927","0.726596980255517","0.0739901439101341","-0.415328067100844","-1.15746457024957","11","c(""PLK4"", ""NEK2"")"
"90","apoptosis","0.315911730545877","0.726596980255517","0.0747385227439092","-0.418825402496193","-1.13515059382441","10","c(""CASP3"", ""KRAS"", ""PIK3CB"", ""MAPK8"", ""CASP2"")"
"91","protein-containing complex assembly (go:0065003)","0.335189309576837","0.762463594312147","0.0696133438850965","-0.386175033402563","-1.12403417493249","13","c(""SKAP2"", ""FERMT2"", ""MCFD2"", ""VAMP3"", ""ADAM10"", ""LMAN1"", ""CLDN14"")"
"92","disease r-hsa-1643685","0.351648351648352","0.786988911988912","0.0619762736001998","-0.281605760804419","-1.08460119096211","66","c(""RAD51AP1"", ""EXO1"", ""G3BP2"", ""AP1S3"", ""B3GLCT"", ""CCND2"", ""SLC17A5"", ""EZH2"", ""TAF9B"", ""PIK3CB"", ""RMI1"", ""RNGTT"", ""NOTCH2"", ""GJA1"", ""NDC1"", ""MAPK8"", ""PRKAR1A"", ""ADAM10"", ""PPM1B"", ""PSIP1"", ""MAP4K5"", ""SLC35D1"", ""PSME3"", ""VEGFA"", ""STAT3"", ""DYNC1LI2"", ""TAF12"")"
"93","mapk signaling pathway","0.356981981981982","0.786988911988912","0.0670512579829467","-0.385333140124058","-1.10157665136968","12","c(""MET"", ""CASP3"", ""KRAS"", ""MAPK8"", ""PPM1B"", ""VEGFA"", ""CRK"", ""TGFBR1"", ""PDGFA"")"
"94","ras signaling pathway","0.365990990990991","0.786988911988912","0.0658311958368866","-0.382315018953778","-1.09294855410528","12","c(""MET"", ""KRAS"", ""PIK3CB"", ""MAPK8"", ""ARF6"", ""VEGFA"")"
"95","protein modification by small protein conjugation (go:0032446)","0.367193107680554","0.786988911988912","0.203508959461977","0.200250993214899","1.03162686504719","21","c(""SUMO1"", ""NUP43"", ""RNF103"", ""NUP50"", ""UBE2V2"", ""CAND1"", ""UBE2K"", ""NEDD4"", ""PEX5"", ""LMO7"", ""SIRT1"", ""UHRF2"", ""KLHL2"", ""SMURF1"", ""RLIM"", ""RAD18"", ""DCUN1D4"", ""NEDD8"", ""ARRDC4"")"
"96","prion disease","0.372822299651568","0.786988911988912","0.066436413766281","-0.402277687452474","-1.09030100149701","10","c(""CASP3"", ""PIK3CB"", ""SDHC"", ""MAPK8"")"
"97","mapk cascade (go:0000165)","0.377423033067275","0.786988911988912","0.0649407684612899","-0.393120327225213","-1.09557452686582","11","c(""MET"", ""KRAS"", ""PIK3CB"", ""MAPK8"", ""PSME3"", ""GDNF"", ""CCL2"", ""PDGFA"", ""FNTA"")"
"98","colorectal cancer","0.380952380952381","0.786988911988912","0.0653834195468773","-0.398222339089296","-1.07930971234599","10","c(""CASP3"", ""KRAS"", ""PIK3CB"", ""MAPK8"")"
"99","positive regulation of mapk cascade (go:0043410)","0.384264538198404","0.786988911988912","0.0640703750499722","-0.389716225370021","-1.08608774375865","11","c(""EZH2"", ""FERMT2"", ""NOTCH2"", ""ARL6IP5"", ""VEGFA"", ""DSTYK"", ""LPAR1"", ""CCL2"", ""PDGFA"")"
"100","hiv infection r-hsa-162906","0.385542168674699","0.786988911988912","0.0619762736001998","-0.366921791341778","-1.08765097349576","14","c(""AP1S3"", ""TAF9B"", ""RNGTT"", ""NDC1"", ""PSIP1"", ""PSME3"", ""TAF12"")"
"101","protein phosphorylation (go:0006468)","0.386433710174717","0.786988911988912","0.0588438169595807","-0.315065407220654","-1.08260474619685","27","c(""PLK4"", ""MELK"", ""NEK2"", ""HIPK3"", ""FAM20B"", ""MAPK8"", ""ADAM10"", ""CDK19"", ""MAP4K5"", ""HIPK1"", ""BMPR1B"", ""NEK6"", ""CCL2"", ""TGFBR1"", ""SMAD2"", ""ACVR2A"", ""NEK4"")"
"102","organelle biogenesis and maintenance r-hsa-1852241","0.392246294184721","0.786988911988912","0.0630790410571939","-0.386408092933945","-1.0768684147709","11","c(""PLK4"", ""NEK2"", ""LIN9"")"
"103","pathways of neurodegeneration","0.393386545039909","0.786988911988912","0.0629394692018967","-0.385464427247031","-1.07423854290505","11","c(""CASP3"", ""KRAS"", ""SDHC"", ""MAPK8"")"
"104","metabolism r-hsa-1430728","0.395395395395395","0.786988911988912","0.0565299525056311","-0.28027923759928","-1.07027605406968","59","c(""RRM2"", ""ADIPOR1"", ""MTMR2"", ""PIK3CB"", ""GPAM"", ""CRLS1"", ""IPMK"", ""LIN9"", ""LBR"", ""PI4K2A"", ""LPGAT1"", ""OXCT1"", ""SLC44A1"", ""LRP12"", ""NDC1"", ""PRKAR1A"", ""AGPS"", ""CDK19"", ""SLC25A17"", ""MAP4K5"", ""SLC35D1"", ""PSME3"", ""SPTLC2"", ""SERINC5"", ""ARSB"", ""SGPP1"", ""COQ10B"", ""VAPB"", ""COA1"")"
"105","regulation of cell population proliferation (go:0042127)","0.406988694758479","0.788977072310406","0.0564118388217596","-0.310809396667943","-1.06798055350977","27","c(""CNOT6"", ""CCND2"", ""KRAS"", ""EZH2"", ""KLF11"", ""RTKN2"", ""LIFR"", ""ADAM10"", ""SMYD2"", ""VEGFA"", ""STAT3"", ""GDNF"", ""HP1BP3"", ""TBX3"", ""VDR"", ""S1PR3"", ""TGFBR1"", ""PDGFA"")"
"106","apelin signaling pathway","0.408","0.788977072310406","0.197822021315103","0.271744953613895","1.03874002376051","11","c(""PRKACB"", ""SMAD4"", ""MRAS"", ""MYLK"", ""CALM3"", ""ITPR3"", ""GNB4"", ""GNAQ"", ""SMAD2"", ""TGFBR1"")"
"107","mrna processing (go:0006397)","0.408","0.788977072310406","0.197822021315103","0.269824131861382","1.0313977183881","11","c(""NCBP1"", ""TRA2B"", ""PPIL1"", ""NCBP2"", ""HNRNPK"", ""CDC5L"", ""PCBP1"", ""HNRNPA3"", ""HNRNPA1"")"
"108","transmembrane receptor protein tyrosine kinase signaling pathway (go:0007169)","0.411640211640212","0.788977072310406","0.0572461135202884","-0.331983272865194","-1.05376753126746","18","c(""MET"", ""CASP3"", ""UBASH3B"", ""PIK3CB"")"
"109","class i mhc mediated antigen processing and presentation r-hsa-983169","0.421052631578947","0.799613713182038","0.252961123069611","0.235294117647059","1.0822136206591","16","c(""BTBD1"", ""TRIM37"", ""CTSS"", ""UBE2V2"", ""LNPEP"", ""UBE2K"", ""NEDD4"", ""LMO7"", ""KLHL2"", ""LRR1"", ""KBTBD6"", ""SMURF1"", ""RLIM"")"
"110","transmembrane receptor protein serine/threonine kinase signaling pathway (go:0007178)","0.426966292134831","0.803472931562819","0.231126709673834","0.244865872972964","1.04295443096823","14","c(""ACVR1"", ""SMAD4"", ""SMAD5"", ""DUSP22"", ""SIRT1"", ""NLK"", ""FNTA"", ""SMURF1"", ""ACVR2A"", ""SMAD2"", ""TGFBR1"", ""APPL1"", ""BMPR1B"")"
"111","pip3 activates akt signaling r-hsa-1257604","0.453828828828829","0.833422467987205","0.0555947097758869","-0.356233853053807","-1.01838864631573","12","c(""PHLPP2"", ""EZH2"", ""PIK3CB"", ""AGO4"", ""PSME3"", ""GDNF"")"
"112","positive regulation of intracellular signal transduction (go:1902533)","0.454258675078864","0.833422467987205","0.0523759084097997","-0.316378475521353","-1.02297368097462","19","c(""MET"", ""PIK3CB"", ""DDX21"", ""FERMT2"", ""GJA1"", ""RTKN2"", ""VEGFA"", ""PUM1"", ""LPAR1"", ""GOLT1B"", ""NEK6"", ""TGFBR1"", ""PDGFA"")"
"113","sphingolipid signaling pathway","0.454960091220068","0.833422467987205","0.0560595875032335","-0.3697553257342","-1.03045934792197","11","c(""KRAS"", ""PIK3CB"", ""MAPK8"", ""CERS5"", ""SPTLC2"", ""SGPP1"", ""S1PR3"", ""PPP2R3A"")"
"114","rna transport","0.464576074332172","0.840418118466899","0.0559428593065705","-0.373635994879731","-1.01267286782051","10","c(""EIF4G2"", ""FMR1"", ""NDC1"")"
"115","regulation of mitotic cell cycle (go:0007346)","0.466898954703833","0.840418118466899","0.0557104226766671","-0.372899152973368","-1.01067579094175","10","c(""NEK2"", ""MAD2L1"", ""BORA"", ""CKS2"", ""PSME3"")"
"116","intracellular signaling by second messengers r-hsa-9006925","0.481521739130435","0.85926724137931","0.051218434854034","-0.329857544133839","-0.994525211278498","15","c(""PHLPP2"", ""EZH2"", ""PIK3CB"", ""AGO4"", ""PRKAR1A"", ""PSME3"", ""GDNF"")"
"117","signaling by receptor tyrosine kinases r-hsa-9006934","0.487858148525926","0.863133647392023","0.203508959461977","0.177058558926542","0.928504025370903","22","c(""NCBP1"", ""PXDN"", ""PRKACB"", ""NCBP2"", ""PTPN2"", ""VRK3"", ""PPP2R1B"", ""PKN2"", ""NEDD4"", ""ROCK1"", ""ITPR3"", ""HNRNPA1"", ""SH2B3"", ""LAMC1"", ""PDGFA"", ""CRK"", ""GDNF"", ""STAT3"", ""VEGFA"", ""ADAM10"", ""ARF6"")"
"118","rap1 signaling pathway","0.495495495495495","0.86921667430142","0.051530912208539","-0.346160209966825","-0.98959047438773","12","c(""MET"", ""KRAS"", ""PIK3CB"")"
"119","neddylation r-hsa-8951664","0.502252252252252","0.873665682489212","0.0509082865515105","-0.344057788079581","-0.983580145606845","12","c(""DTL"", ""COMMD8"")"
"120","pathways in cancer","0.510769230769231","0.881076923076923","0.0458620343117985","-0.281122609036449","-0.977381706040086","28","c(""MET"", ""CASP3"", ""CCND2"", ""KRAS"", ""PIK3CB"", ""NOTCH2"", ""MAPK8"", ""CKS2"", ""VEGFA"", ""STAT3"", ""LPAR1"", ""MITF"", ""CRK"", ""APPL1"", ""TGFBR1"", ""SMAD2"", ""PDGFA"", ""LAMC1"")"
"121","positive regulation of hydrolase activity (go:0051345)","0.517673888255416","0.885607395610505","0.0500922874402106","-0.350988132122715","-0.978157653408665","11","c(""ARHGAP11A"", ""EZH2"", ""FERMT2"", ""MAPK8"")"
"122","protein transport (go:0015031)","0.523659305993691","0.88759842519685","0.0458620343117985","-0.299730164020606","-0.969143266405908","19","c(""STX2"", ""NDC1"", ""ARFIP1"", ""ARL1"", ""ARF6"", ""ARL6IP5"", ""ARL5A"", ""ARRDC4"", ""RAB23"", ""ARL4C"")"
"123","infectious disease r-hsa-5663205","0.527439024390244","0.88759842519685","0.0439759278026345","-0.271153580147381","-0.969302943298986","34","c(""G3BP2"", ""AP1S3"", ""EZH2"", ""TAF9B"", ""RNGTT"", ""GJA1"", ""NDC1"", ""MAPK8"", ""PRKAR1A"", ""PSIP1"", ""PSME3"", ""VEGFA"", ""DYNC1LI2"", ""TAF12"")"
"124","organelle assembly (go:0070925)","0.533261802575107","0.88759842519685","0.0459538081039063","-0.304475806306887","-0.946183708818775","17","c(""PLK4"", ""NEK2"")"
"125","transcriptional misregulation in cancer","0.540540540540541","0.88759842519685","0.0475434194201301","-0.331516829988881","-0.947728501457906","12","c(""MET"", ""CCND2"", ""PLAU"")"
"126","sumo e3 ligases sumoylate target proteins r-hsa-3108232","0.544565217391304","0.88759842519685","0.0455878202571231","-0.313325768412589","-0.944681671137077","15","TOP2A"
"127","sumoylation r-hsa-2990846","0.544565217391304","0.88759842519685","0.0455878202571231","-0.313325768412589","-0.944681671137077","15","TOP2A"
"128","regulation of cell growth (go:0001558)","0.550675675675676","0.890545819256757","0.0466948041282054","-0.328961586373914","-0.940423662056075","12","c(""TAF9B"", ""EIF4G2"", ""GJA1"", ""CRLF3"", ""ADAM10"")"
"129","mapk family signaling cascades r-hsa-5683057","0.559684684684685","0.896944518895738","0.0459538081039063","-0.327731990566074","-0.93690853737175","12","c(""ZNF367"", ""PIK3CB"")"
"130","cellular response to growth factor stimulus (go:0071363)","0.563298490127758","0.896944518895738","0.0470699590082662","-0.345057031231357","-0.935214749561715","10","c(""VEGFA"", ""DSTYK"", ""BMPR1B"", ""APPL1"", ""CCL2"", ""TGFBR1"", ""ACVR2A"")"
"131","positive regulation of multicellular organismal process (go:0051240)","0.569742489270386","0.900280116633358","0.0429311093452583","-0.296422500177147","-0.921157395055079","17","c(""ADIPOR1"", ""EZH2"", ""FERMT2"", ""GJA1"", ""VEGFA"", ""GDNF"", ""BMPR1B"", ""VDR"", ""TGFBR1"", ""SMAD2"", ""SNX4"")"
"132","s phase r-hsa-69242","0.583042973286876","0.914317389927146","0.0454967810085007","-0.335634533112416","-0.909676770558346","10","c(""GINS4"", ""LIN9"", ""GINS1"")"
"133","asparagine n-linked glycosylation r-hsa-446203","0.589509692132269","0.917507565950223","0.0441523058441465","-0.328171481499494","-0.914570656044174","11","c(""SLC17A5"", ""MCFD2"", ""CMAS"", ""LMAN1"", ""DYNC1LI2"", ""NANP"")"
"134","cellular protein modification process (go:0006464)","0.594159113796576","0.917842810118591","0.0380842053196415","-0.249092539182982","-0.928562332871047","48","c(""DTL"", ""PLK4"", ""MELK"", ""NEK2"", ""HIPK3"", ""MTMR2"", ""CHML"", ""FAM20B"", ""PTAR1"", ""PIGK"", ""MAPK8"", ""ADAM10"", ""PPM1B"", ""CDK19"", ""MAP4K5"", ""PSME3"", ""HIPK1"")"
"135","ubiquitin-dependent protein catabolic process (go:0006511)","0.602449888641425","0.923756495916852","0.042077210988939","-0.312478157600569","-0.909525727150875","13","c(""DTL"", ""MAD2L1"")"
"136","hiv life cycle r-hsa-162587","0.618015963511973","0.93","0.0419926218968594","-0.319302282705404","-0.889853368232833","11","c(""TAF9B"", ""RNGTT"", ""NDC1"", ""PSIP1"", ""TAF12"")"
"137","relaxin signaling pathway","0.619047619047619","0.93","0.0427591434738678","-0.324862665877971","-0.880481570327174","10","c(""KRAS"", ""PIK3CB"", ""MAPK8"", ""VEGFA"", ""TGFBR1"", ""SMAD2"", ""CREB3L2"")"
"138","cellular protein localization (go:0034613)","0.62","0.93","0.0381628909049257","-0.273666316050152","-0.894052401246517","21","c(""STX2"", ""FERMT2"", ""GJA1"", ""PIGK"", ""ARFIP1"", ""ARL1"", ""ARF6"", ""ARL5A"")"
"139","cellular responses to stimuli r-hsa-8953897","0.632610939112487","0.934235976789168","0.0363018462359236","-0.258653957072314","-0.877048162758745","25","c(""EZH2"", ""LIN9"", ""NDC1"", ""MAPK8"", ""AGO4"", ""PSME3"", ""VEGFA"", ""STAT3"", ""DCP2"", ""DYNC1LI2"", ""GDNF"")"
"140","cellular responses to stress r-hsa-2262752","0.632610939112487","0.934235976789168","0.0363018462359236","-0.258653957072314","-0.877048162758745","25","c(""EZH2"", ""LIN9"", ""NDC1"", ""MAPK8"", ""AGO4"", ""PSME3"", ""VEGFA"", ""STAT3"", ""DCP2"", ""DYNC1LI2"", ""GDNF"")"
"141","focal adhesion","0.636363636363636","0.934235976789168","0.0387962208304479","-0.294183131477009","-0.872034795662918","14","c(""MET"", ""CCND2"", ""PIK3CB"")"
"142","herpes simplex virus 1 infection","0.657894736842105","0.959043736100816","0.199915231309662","0.18654155469142","0.857980698050407","16","c(""ZNF480"", ""ZNF605"", ""ZNF354C"", ""CYCS"", ""PPP1CB"", ""ZNF440"", ""ZFP90"", ""ZNF468"", ""ZNF83"", ""ZNF486"", ""ZNF347"", ""ZNF85"", ""CCL2"", ""RBAK"")"
"143","cellular response to organic substance (go:0071310)","0.694412770809578","0.966357512953368","0.0366082221336689","-0.291090883373993","-0.811231917409134","11","c(""MAPK8"", ""ARL6IP5"", ""STAT3"", ""BMPR1B"", ""CCL2"", ""TGFBR1"", ""ACVR2A"")"
"144","negative regulation of cellular process (go:0048523)","0.695789473684211","0.966357512953368","0.0327241935806629","-0.255400365940564","-0.834378573673476","21","c(""FERMT2"", ""KLF11"", ""GJA1"", ""CRLF3"", ""VAMP3"", ""ADAM10"", ""THAP5"", ""SMYD2"")"
"145","supramolecular fiber organization (go:0097435)","0.697833523375142","0.966357512953368","0.0363783055518278","-0.290126270581234","-0.808543668720762","11","c(""FIGNL1"", ""CENPJ"", ""ADAM10"", ""KATNAL1"", ""ADAMTS2"", ""TGFBR1"", ""TSPAN5"")"
"146","late phase of hiv life cycle r-hsa-162599","0.698025551684088","0.966357512953368","0.0372254009247509","-0.302100660264222","-0.818789266003974","10","c(""TAF9B"", ""RNGTT"", ""NDC1"")"
"147","regulation of i-kappab kinase/nf-kappab signaling (go:0043122)","0.711962833914053","0.966357512953368","0.0363018462359236","-0.298526911848659","-0.809103266511282","10","c(""DDX21"", ""GJA1"", ""PPM1B"", ""LPAR1"", ""GOLT1B"", ""NEK6"")"
"148","programmed cell death r-hsa-5357801","0.725900116144019","0.966357512953368","0.0353910624222457","-0.292876526405421","-0.793788917493763","10","c(""CASP3"", ""MAPK8"", ""PSME3"", ""STAT3"", ""APPL1"", ""PDCD6IP"", ""FNTA"")"
"149","human cytomegalovirus infection","0.726086956521739","0.966357512953368","0.0322153154599285","-0.263150730606107","-0.793403214837316","15","c(""CASP3"", ""KRAS"", ""PIK3CB"")"
"150","protein dephosphorylation (go:0006470)","0.738675958188153","0.966357512953368","0.034566432206351","-0.288749821615525","-0.782604229638469","10","c(""MTMR2"", ""UBASH3B"")"
"151","sars-cov infections r-hsa-9679506","0.745724059293044","0.966357512953368","0.0332359307785383","-0.27522632524537","-0.767019485331706","11","c(""G3BP2"", ""GJA1"", ""NDC1"")"
"152","positive regulation of cell migration (go:0030335)","0.746987951807229","0.966357512953368","0.0312052969963336","-0.25958863846046","-0.769487781844397","14","c(""PLAU"", ""FERMT2"", ""ADAM10"", ""VEGFA"", ""SYNE2"", ""STAT3"")"
"153","positive regulation of cell motility (go:2000147)","0.746987951807229","0.966357512953368","0.0312052969963336","-0.25958863846046","-0.769487781844397","14","c(""PLAU"", ""FERMT2"", ""ADAM10"", ""VEGFA"", ""SYNE2"", ""STAT3"")"
"154","positive regulation of cell differentiation (go:0045597)","0.748685594111462","0.966357512953368","0.0290688186426821","-0.23821928591707","-0.770254864500993","19","c(""EZH2"", ""FERMT2"", ""GJA1"", ""BLOC1S5"", ""GDNF"", ""BMPR1B"", ""NUDT21"", ""TGFBR1"", ""SMAD2"", ""ACVR2A"", ""IMPACT"", ""RIN2"")"
"155","intracellular protein transport (go:0006886)","0.750259067357513","0.966357512953368","0.0282219183873982","-0.232369201488948","-0.782975926684688","24","c(""AP1S3"", ""STX2"", ""ARFIP1"", ""ARL1"", ""ARF6"", ""LMAN1"", ""ARL5A"", ""STAT3"", ""RAB23"", ""ARL4C"", ""APPL1"", ""AP4E1"", ""SMURF1"")"
"156","yersinia infection","0.753705815279361","0.966357512953368","0.0327241935806629","-0.270755212500591","-0.754559083539459","11","c(""SKAP2"", ""PIK3CB"", ""MAPK8"", ""ARF6"", ""CRK"", ""CCL2"", ""ACTG1"", ""GNAQ"")"
"157","peptidyl-serine modification (go:0018209)","0.75725900116144","0.966357512953368","0.0333826959919392","-0.282696351751046","-0.766197393113256","10","c(""HIPK3"", ""GALNT4"", ""MAPK8"", ""HIPK1"", ""NEK6"", ""TGFBR1"")"
"158","metabolism of carbohydrates r-hsa-71387","0.75886524822695","0.966357512953368","0.132147260608774","0.20954356846473","0.780646025169252","10","c(""PRKACB"", ""NUP43"", ""NUP50"", ""PPP2R1B"", ""GPC6"", ""SLC25A12"", ""XYLT1"", ""ARSB"", ""MAP4K5"", ""NDC1"")"
"159","regulation of gene expression (go:0010468)","0.767371601208459","0.966357512953368","0.0255522951965404","-0.214707634934752","-0.793072786798731","45","c(""KRAS"", ""EZH2"", ""PIK3CB"", ""PTBP3"", ""NOTCH2"", ""GJA1"", ""MAPK8"", ""AGO4"", ""ADAM10"", ""VEGFA"", ""STAT3"", ""BMI1"", ""GDNF"", ""UBAP2"", ""PHF19"", ""PUM1"", ""SBNO1"", ""NUDT21"", ""MITF"", ""HP1BP3"", ""RBAK"", ""VDR"", ""TGFBR1"", ""RBPJ"", ""RLIM"")"
"160","regulation of cell migration (go:0030334)","0.773684210526316","0.966357512953368","0.0274480081801021","-0.232327316710725","-0.759000224720089","21","c(""PLAU"", ""FERMT2"", ""SRGAP1"", ""ADAM10"", ""VEGFA"", ""SYNE2"", ""STAT3"", ""ARSB"", ""MITF"", ""APPL1"", ""TGFBR1"", ""PDGFA"", ""ACTG1"", ""CLIC4"")"
"161","regulation of nucleic acid-templated transcription (go:1903506)","0.792592592592593","0.966357512953368","0.0264649017470855","-0.232746295330055","-0.738773634360759","18","c(""EZH2"", ""STAT3"", ""PHF19"", ""SBNO1"", ""MITF"", ""HP1BP3"", ""RBAK"", ""TGFBR1"", ""ZNF85"", ""ZNF281"", ""ZNF486"", ""ARNTL2"", ""NLK"", ""CREBL2"", ""SPTY2D1"")"
"162","pathogenic escherichia coli infection","0.802736602052452","0.966357512953368","0.0296354881939192","-0.253893821856508","-0.707568610654021","11","c(""CASP3"", ""MAPK8"", ""ARF6"", ""CLDN14"", ""LPAR1"")"
"163","fluid shear stress and atherosclerosis","0.80518018018018","0.966357512953368","0.0288567763564905","-0.249844201729365","-0.714245701827143","12","c(""PIK3CB"", ""MAPK8"", ""VEGFA"", ""BMPR1B"", ""CCL2"", ""ACVR2A"", ""PDGFA"", ""ACTG1"")"
"164","negative regulation of nucleic acid-templated transcription (go:1903507)","0.806315789473684","0.966357512953368","0.0252712808055621","-0.224189452652093","-0.732414282366467","21","c(""DEPDC1"", ""EZH2"", ""SCML1"")"
"165","cellular response to cytokine stimulus (go:0071345)","0.810526315789474","0.966357512953368","0.0249900772245545","-0.222049133196648","-0.725421979564302","21","c(""CASP3"", ""PIK3CB"", ""LIFR"", ""MAPK8"", ""IL1RN"", ""GBP3"", ""VEGFA"", ""STAT3"")"
"166","signaling by interleukins r-hsa-449147","0.81139896373057","0.966357512953368","0.0240742072753014","-0.214763923689079","-0.723654344428662","24","c(""CASP3"", ""PIK3CB"", ""LIFR"", ""MAPK8"", ""IL1RN"", ""PSME3"", ""VEGFA"", ""STAT3"", ""GDNF"")"
"167","signal transduction r-hsa-162582","0.814185814185814","0.966357512953368","0.0217960026831818","-0.199411649580704","-0.795626041722369","97","c(""ZNF367"", ""SKA1"", ""NDC80"", ""PHLPP2"", ""ARHGAP11A"", ""CASP3"", ""CNOT6"", ""MAD2L1"", ""SLC4A7"", ""EZH2"", ""PIK3CB"", ""GPAM"", ""FERMT2"", ""LBR"", ""NOTCH2"", ""GJA1"", ""SRGAP1"", ""MAPK8"", ""TMPO"", ""AGO4"", ""PRKAR1A"", ""VAMP3"", ""NLN"", ""ARF6"", ""ADAM10"", ""LMAN1"", ""CASP2"", ""FAM135A"", ""PSME3"", ""VEGFA"", ""STAT3"", ""DYNC1LI2"", ""GDNF"", ""NEDD8"", ""BMPR1B"", ""LPAR1"", ""VAPB"", ""ARL4C"", ""SOWAHC"", ""CRK"", ""S1PR3"", ""RAP1GDS1"", ""CCL2"", ""TGFBR1"", ""RBPJ"", ""SMAD2"", ""ACVR2A"", ""SMURF1"", ""PDGFA"", ""LAMC1"")"
"168","developmental biology r-hsa-1266738","0.815762538382805","0.966357512953368","0.0230827802358481","-0.210223199725416","-0.737066942966729","30","c(""CNOT6"", ""EZH2"", ""PIK3CB"", ""LIN9"", ""SRGAP1"", ""MAPK8"", ""ADAM10"", ""CDK19"", ""PSME3"", ""STAT3"", ""GDNF"")"
"169","platelet activation, signaling and aggregation r-hsa-76002","0.826280623608018","0.966357512953368","0.0269562963008323","-0.241643430835501","-0.703348095846207","13","c(""PIK3CB"", ""TIMP3"", ""LHFPL2"", ""VEGFA"", ""CRK"", ""PDGFA"", ""GNAQ"", ""GNB4"", ""ABHD6"", ""ITPR3"")"
"170","hemostasis r-hsa-109582","0.831578947368421","0.966357512953368","0.0235793094960052","-0.214842819456447","-0.701879359498551","21","c(""PIK3CB"", ""PLAU"", ""TIMP3"", ""PRKAR1A"", ""LHFPL2"", ""TREM1"", ""VEGFA"", ""CRK"", ""WEE1"", ""PDGFA"", ""SH2B3"", ""GNAQ"", ""GNB4"", ""ABHD6"", ""ITPR3"")"
"171","negative regulation of transcription, dna-templated (go:0045892)","0.836215666327569","0.966357512953368","0.0212906370865403","-0.201240347809874","-0.727293258915559","38","c(""DEPDC1"", ""EZH2"", ""SCML1"", ""TAF9B"", ""KLF11"", ""JAZF1"", ""THAP5"", ""SMYD2"", ""VEGFA"", ""STAT3"", ""MXI1"", ""BMI1"", ""MITF"", ""TBX3"", ""RBAK"", ""VDR"", ""RBPJ"", ""SMAD2"", ""RLIM"", ""IMPACT"", ""SUV39H2"", ""ZNF281"")"
"172","diseases of signal transduction by growth factor receptors and second messengers r-hsa-5663202","0.836734693877551","0.966357512953368","0.222056046145248","0.136608529016369","0.716382025589174","22","c(""NCBP1"", ""SMAD4"", ""NCBP2"", ""CCNC"", ""AGGF1"", ""PPP2R1B"", ""QKI"", ""MRAS"", ""LMO7"", ""PPP1CB"", ""BAG4"", ""CDKN1B"", ""PDGFA"", ""SMAD2"", ""RBPJ"", ""TGFBR1"", ""STAT3"", ""PSME3"", ""PPM1B"", ""ADAM10"", ""PRKAR1A"")"
"173","protein polyubiquitination (go:0000209)","0.83789704271632","0.966357512953368","0.0253415500976615","-0.23258873910225","-0.689453105479562","14","DTL"
"174","cytokine-mediated signaling pathway (go:0019221)","0.842379958246347","0.966357512953368","0.0223699288741888","-0.210762002199041","-0.70491552069816","23","c(""ADIPOR1"", ""CASP3"", ""PIK3CB"", ""LIFR"", ""IL1RN"", ""PSME3"", ""VEGFA"", ""STAT3"")"
"175","axon guidance r-hsa-422475","0.847732181425486","0.966357512953368","0.0239329549624917","-0.223004438187947","-0.683811465196461","16","c(""PIK3CB"", ""SRGAP1"", ""MAPK8"", ""ADAM10"", ""PSME3"", ""GDNF"")"
"176","nervous system development r-hsa-9675108","0.847732181425486","0.966357512953368","0.0239329549624917","-0.223004438187947","-0.683811465196461","16","c(""PIK3CB"", ""SRGAP1"", ""MAPK8"", ""ADAM10"", ""PSME3"", ""GDNF"")"
"177","cytokine signaling in immune system r-hsa-1280215","0.848577235772358","0.966357512953368","0.0203426159572209","-0.197039895426961","-0.704365955562406","34","c(""CASP3"", ""PIK3CB"", ""EIF4G2"", ""LIFR"", ""NDC1"", ""MAPK8"", ""IL1RN"", ""PPM1B"", ""PSME3"", ""VEGFA"", ""STAT3"", ""GDNF"")"
"178","amyotrophic lateral sclerosis","0.855233853006682","0.966357512953368","0.0251307059474849","-0.231084909473809","-0.672615557953409","13","c(""CASP3"", ""SDHC"", ""NDC1"")"
"179","signaling by nuclear receptors r-hsa-9006931","0.856328392246294","0.966357512953368","0.0263245268606861","-0.237435522880835","-0.661701501108809","11","c(""GPAM"", ""AGO4"", ""GDNF"", ""ARL4C"", ""S1PR3"", ""GNB4"", ""CAV2"", ""FKBP5"", ""CDKN1B"", ""STAG2"")"
"180","metabolism of amino acids and derivatives r-hsa-71291","0.858156028368794","0.966357512953368","0.123257226381337","0.188796680497925","0.70335433950893","10","c(""AZIN1"", ""MTAP"", ""SBDS"", ""SOAT1"", ""BCAT1"", ""SLC25A12"")"
"181","post-translational protein modification (go:0043687)","0.865217391304348","0.966357512953368","0.0231538258045259","-0.220002857896729","-0.663311761767197","15","DTL"
"182","innate immune system r-hsa-168249","0.865364850976362","0.966357512953368","0.0198261062533673","-0.193719622964049","-0.665645223010686","27","c(""ATP11A"", ""PIK3CB"", ""PLAU"", ""MAPK8"", ""ADAM10"", ""TREM1"", ""CASP2"", ""PSME3"", ""GDNF"", ""ARSB"")"
"183","negative regulation of cell population proliferation (go:0008285)","0.865384615384615","0.966357512953368","0.14551614609036","0.169102296450939","0.711638651630173","13","c(""PDS5B"", ""FAP"", ""KLF10"", ""PTPN2"", ""PTPN14"", ""SOD2"", ""CDKN1B"", ""SH2B3"", ""VDR"", ""TBX3"", ""BMPR1B"", ""SMYD2"")"
"184","chromatin modifying enzymes r-hsa-3247509","0.868757259001161","0.966357512953368","0.0265350909115755","-0.239024967163155","-0.647833994301673","10","c(""EZH2"", ""SMYD2"", ""TAF12"", ""GDNF"", ""SUV39H2"", ""MORF4L2"", ""ZZZ3"")"
"185","calcium signaling pathway","0.875725900116144","0.966357512953368","0.0261139619405561","-0.236458490799198","-0.640878023743968","10","MET"
"186","negative regulation of cellular macromolecule biosynthetic process (go:2000113)","0.879958246346555","0.966357512953368","0.0197519290144334","-0.191893051987226","-0.641806346725577","23","c(""DEPDC1"", ""EZH2"", ""SCML1"")"
"187","regulation of actin cytoskeleton","0.881756756756757","0.966357512953368","0.0240742072753014","-0.220335133023964","-0.629886227635362","12","c(""KRAS"", ""PIK3CB"")"
"188","negative regulation of transcription by rna polymerase ii (go:0000122)","0.887640449438202","0.966357512953368","0.0177814832001704","-0.187277546483727","-0.662162059907459","31","c(""EZH2"", ""TAF9B"", ""KLF11"", ""JAZF1"", ""THAP5"", ""SMYD2"", ""VEGFA"", ""STAT3"", ""MXI1"", ""BMI1"", ""MITF"", ""TBX3"", ""VDR"", ""RBPJ"", ""SMAD2"", ""IMPACT"", ""SUV39H2"", ""ZNF281"")"
"189","positive regulation of protein phosphorylation (go:0001934)","0.891566265060241","0.966357512953368","0.0218679438176212","-0.209055821018693","-0.619695457210222","14","c(""CCND2"", ""KRAS"")"
"190","esr-mediated signaling r-hsa-8939211","0.89198606271777","0.966357512953368","0.0251307059474849","-0.231154634927316","-0.626502880530013","10","c(""GPAM"", ""AGO4"", ""GDNF"", ""S1PR3"", ""GNB4"", ""CAV2"", ""FKBP5"", ""CDKN1B"", ""STAG2"")"
"191","shigellosis","0.894209354120267","0.966357512953368","0.0226556224333514","-0.212764681494781","-0.619291131049003","13","c(""PIK3CB"", ""HK2"", ""MAPK8"", ""ARF6"")"
"192","metabolism of proteins r-hsa-392499","0.897102897102897","0.966357512953368","0.0154513814985972","-0.178431508256891","-0.688358946622979","67","c(""TOP2A"", ""DTL"", ""B3GLCT"", ""COMMD8"", ""SLC17A5"", ""TAF9B"", ""CHML"", ""UBE2T"", ""PIGK"", ""NDC1"", ""MCFD2"", ""CMAS"", ""ADAM10"", ""LMAN1"", ""PSME3"", ""STAT3"", ""DYNC1LI2"", ""ARSB"", ""NEDD8"", ""PAPPA2"", ""RAB23"", ""ADAMTS2"", ""MITF"", ""NANP"", ""DCUN1D4"", ""MRPS33"", ""VDR"", ""TGFBR1"", ""SMAD2"", ""RAD18"", ""ALG13"", ""LAMC1"", ""TSPAN5"", ""CASP8AP2"", ""GNAQ"", ""KBTBD6"", ""CCP110"", ""LRR1"", ""KLHL2"", ""USP42"", ""GNB4"")"
"193","post-translational protein modification r-hsa-597592","0.901","0.966357512953368","0.0151993170205216","-0.176270439288343","-0.673987880802951","60","c(""TOP2A"", ""DTL"", ""B3GLCT"", ""COMMD8"", ""SLC17A5"", ""TAF9B"", ""CHML"", ""UBE2T"", ""PIGK"", ""NDC1"", ""MCFD2"", ""CMAS"", ""ADAM10"", ""LMAN1"", ""PSME3"", ""DYNC1LI2"", ""ARSB"", ""NEDD8"", ""RAB23"", ""ADAMTS2"", ""MITF"", ""NANP"", ""DCUN1D4"", ""VDR"", ""TGFBR1"", ""SMAD2"", ""RAD18"", ""ALG13"", ""LAMC1"")"
"194","organelle organization (go:0006996)","0.914634146341463","0.975924063364345","0.160801401070022","0.150943396226415","0.661904218929992","15","c(""RAB1A"", ""PALLD"", ""REEP5"", ""RAB2A"", ""SAR1A"", ""TTC17"", ""CYCS"", ""CAV2"", ""MTX3"", ""PDCD6IP"", ""CCL2"", ""VAPB"", ""LMAN1"", ""ARL1"", ""PI4K2A"")"
"195","rna metabolic process (go:0016070)","0.930313588850174","0.987563655856339","0.0227981839377501","-0.215743227955373","-0.584733045960273","10","c(""RNGTT"", ""AGO4"", ""CELF2"")"
"196","signaling by gpcr r-hsa-372790","0.943044906900329","0.995970896573306","0.0183973177537706","-0.183939776202977","-0.545245012350349","14","c(""CNOT6"", ""PRKAR1A"", ""NLN"", ""LPAR1"", ""S1PR3"", ""CCL2"", ""GNAQ"", ""GNB4"", ""ABHD6"", ""ITPR3"", ""ROCK1"")"
"197","immune system r-hsa-168256","0.954045954045954","1","0.0100128309769611","-0.15324681561395","-0.590228261848228","66","c(""AP1S3"", ""ATP11A"", ""CASP3"", ""PIK3CB"", ""PLAU"", ""EIF4G2"", ""LIFR"", ""NDC1"", ""MAPK8"", ""VAMP3"", ""IL1RN"", ""ADAM10"", ""PPM1B"", ""TREM1"", ""CASP2"", ""PSME3"", ""VEGFA"", ""STAT3"", ""DYNC1LI2"", ""PJA1"", ""GDNF"", ""ARSB"")"
"198","protein ubiquitination (go:0016567)","0.958027282266527","1","0.0141641602737639","-0.161426944649897","-0.532777616415524","22","DTL"
"199","peptidyl-serine phosphorylation (go:0018105)","0.968641114982578","1","0.0204160330522345","-0.188267362625753","-0.510264676422822","10","c(""HIPK3"", ""MAPK8"", ""HIPK1"", ""NEK6"", ""TGFBR1"", ""NLK"", ""ROCK1"", ""CSNK1G1"", ""PKN2"")"
"200","metabolism of rna r-hsa-8953854","0.971668415529906","1","0.0129839954274655","-0.147291863169246","-0.486125832009683","22","c(""CNOT6"", ""RNGTT"", ""LIN9"", ""NDC1"")"
"201","gene expression (go:0010467)","0.981069042316258","1","0.016838053046391","-0.151171693559616","-0.440013297458039","13","c(""RNGTT"", ""NDC1"", ""CELF2"")"
"202","protein localization to membrane (go:0072657)","0.983739837398374","1","0.0194541744944906","-0.171156661060679","-0.463889210831233","10","c(""FERMT2"", ""NDC1"", ""ARL5A"")"
"203","gpcr downstream signaling r-hsa-388396","0.987612612612613","1","0.0171553985751332","-0.157050196010555","-0.448969504576121","12","c(""CNOT6"", ""PRKAR1A"", ""LPAR1"", ""S1PR3"", ""GNAQ"", ""GNB4"", ""ABHD6"", ""ITPR3"", ""ROCK1"")"
"204","proteasome-mediated ubiquitin-dependent protein catabolic process (go:0043161)","0.991869918699187","1","0.0189287891242153","-0.15327147842722","-0.415414654211631","10","MAD2L1"
"205","regulation of transcription, dna-templated (go:0006355)","0.992","1","0.00434551079568136","-0.125985433903967","-0.490706184696688","75","c(""RRM2"", ""ZNF367"", ""DEPDC1"")"
"206","adaptive immune system r-hsa-1280218","0.997936016511868","1","0.00855469372683394","-0.103214039776907","-0.349979891983387","25","c(""AP1S3"", ""PIK3CB"", ""VAMP3"", ""TREM1"", ""PSME3"", ""DYNC1LI2"", ""PJA1"")"
"207","regulation of transcription by rna polymerase ii (go:0006357)","1","1","0","-0.0826696331589975","-0.323144178574133","76","c(""ZNF367"", ""MET"", ""EZH2"", ""TAF9B"", ""LIN9"", ""KLF11"", ""ZNF521"", ""CRLF3"", ""AGO4"", ""PRKAR1A"", ""JAZF1"", ""PBX3"", ""THAP5"", ""PSIP1"", ""SMYD2"", ""VEGFA"", ""STAT3"", ""MXI1"", ""BMI1"", ""GDNF"", ""BMPR1B"", ""MITF"", ""CRK"", ""TBX3"", ""RBAK"", ""VDR"", ""PURB"", ""RBPJ"", ""SMAD2"", ""ACVR2A"", ""CREB3L2"", ""IMPACT"", ""SUV39H2"", ""ATF1"", ""ZNF281"")"
